ts_site,people_now,optimal,max_capacity,ts_reported,source_url
2026-01-05T01:24:43,0,80,161,2026-01-05 01:24,https://rent.pe.ntu.edu.tw/
2026-01-05T01:43:12,0,80,161,2026-01-05 01:43,https://rent.pe.ntu.edu.tw/
2026-01-05T01:54:15,0,80,161,2026-01-05 01:54,https://rent.pe.ntu.edu.tw/
2026-01-05T02:32:19,0,80,161,2026-01-05 02:32,https://rent.pe.ntu.edu.tw/
2026-01-05T02:57:53,0,80,161,2026-01-05 02:57,https://rent.pe.ntu.edu.tw/
2026-01-05T03:20:56,0,80,161,2026-01-05 03:20,https://rent.pe.ntu.edu.tw/
2026-01-05T03:39:24,0,80,161,2026-01-05 03:39,https://rent.pe.ntu.edu.tw/
2026-01-05T03:52:51,0,80,161,2026-01-05 03:52,https://rent.pe.ntu.edu.tw/
2026-01-05T04:26:17,0,80,161,2026-01-05 04:26,https://rent.pe.ntu.edu.tw/
2026-01-05T04:46:03,0,80,161,2026-01-05 04:46,https://rent.pe.ntu.edu.tw/
2026-01-05T04:57:29,0,80,161,2026-01-05 04:57,https://rent.pe.ntu.edu.tw/
2026-01-05T05:23:12,0,80,161,2026-01-05 05:23,https://rent.pe.ntu.edu.tw/
2026-01-05T05:41:43,0,80,161,2026-01-05 05:41,https://rent.pe.ntu.edu.tw/
2026-01-05T05:52:54,1,80,161,2026-01-05 05:52,https://rent.pe.ntu.edu.tw/
2026-01-05T06:22:52,6,80,161,2026-01-05 06:22,https://rent.pe.ntu.edu.tw/
2026-01-05T06:45:43,7,80,161,2026-01-05 06:45,https://rent.pe.ntu.edu.tw/
2026-01-05T06:57:15,8,80,161,2026-01-05 06:57,https://rent.pe.ntu.edu.tw/
2026-01-05T07:24:02,12,80,161,2026-01-05 07:24,https://rent.pe.ntu.edu.tw/
2026-01-05T07:43:00,14,80,161,2026-01-05 07:43,https://rent.pe.ntu.edu.tw/
2026-01-05T07:54:40,11,80,161,2026-01-05 07:54,https://rent.pe.ntu.edu.tw/
2026-01-05T10:01:17,44,80,161,2026-01-05 10:01,https://rent.pe.ntu.edu.tw/
2026-01-05T12:03:05,30,80,161,2026-01-05 12:03,https://rent.pe.ntu.edu.tw/
2026-01-05T13:07:17,33,80,161,2026-01-05 13:07,https://rent.pe.ntu.edu.tw/
2026-01-05T13:53:24,43,80,161,2026-01-05 13:53,https://rent.pe.ntu.edu.tw/
2026-01-05T13:58:12,43,80,161,2026-01-05 13:58,https://rent.pe.ntu.edu.tw/
2026-01-05T14:44:39,57,80,161,2026-01-05 14:44,https://rent.pe.ntu.edu.tw/
2026-01-05T14:48:34,56,80,161,2026-01-05 14:48,https://rent.pe.ntu.edu.tw/
2026-01-05T15:30:22,66,80,161,2026-01-05 15:30,https://rent.pe.ntu.edu.tw/
2026-01-05T15:52:00,59,80,161,2026-01-05 15:51,https://rent.pe.ntu.edu.tw/
2026-01-05T16:36:07,63,80,161,2026-01-05 16:36,https://rent.pe.ntu.edu.tw/
2026-01-05T17:04:06,70,80,161,2026-01-05 17:04,https://rent.pe.ntu.edu.tw/
2026-01-05T17:48:49,82,80,161,2026-01-05 17:48,https://rent.pe.ntu.edu.tw/
2026-01-05T18:27:44,84,80,161,2026-01-05 18:27,https://rent.pe.ntu.edu.tw/
2026-01-05T18:53:36,65,80,161,2026-01-05 18:53,https://rent.pe.ntu.edu.tw/
2026-01-05T19:21:39,58,80,161,2026-01-05 19:21,https://rent.pe.ntu.edu.tw/
2026-01-05T19:43:23,69,80,161,2026-01-05 19:43,https://rent.pe.ntu.edu.tw/
2026-01-05T19:54:11,71,80,161,2026-01-05 19:54,https://rent.pe.ntu.edu.tw/
2026-01-05T20:50:26,76,80,161,2026-01-05 20:50,https://rent.pe.ntu.edu.tw/
2026-01-05T21:42:42,49,80,161,2026-01-05 21:42,https://rent.pe.ntu.edu.tw/
2026-01-05T22:02:43,18,80,161,2026-01-05 22:02,https://rent.pe.ntu.edu.tw/
2026-01-06T06:22:49,4,80,161,2026-01-06 06:22,https://rent.pe.ntu.edu.tw/
2026-01-06T06:47:49,4,80,161,2026-01-06 06:47,https://rent.pe.ntu.edu.tw/
2026-01-06T07:22:10,9,80,161,2026-01-06 07:22,https://rent.pe.ntu.edu.tw/
2026-01-06T07:43:54,29,80,161,2026-01-06 07:43,https://rent.pe.ntu.edu.tw/
2026-01-06T07:54:42,32,80,161,2026-01-06 07:54,https://rent.pe.ntu.edu.tw/
2026-01-06T09:48:58,35,80,161,2026-01-06 09:48,https://rent.pe.ntu.edu.tw/
2026-01-06T11:40:29,67,80,161,2026-01-06 11:40,https://rent.pe.ntu.edu.tw/
2026-01-06T12:28:40,67,80,161,2026-01-06 12:28,https://rent.pe.ntu.edu.tw/
2026-01-06T13:00:02,58,80,161,2026-01-06 13:00,https://rent.pe.ntu.edu.tw/
2026-01-06T13:35:35,46,80,161,2026-01-06 13:35,https://rent.pe.ntu.edu.tw/
2026-01-06T13:56:56,44,80,161,2026-01-06 13:56,https://rent.pe.ntu.edu.tw/
2026-01-06T14:38:02,43,80,161,2026-01-06 14:38,https://rent.pe.ntu.edu.tw/
2026-01-06T15:04:47,47,80,161,2026-01-06 15:04,https://rent.pe.ntu.edu.tw/
2026-01-06T15:39:19,53,80,161,2026-01-06 15:39,https://rent.pe.ntu.edu.tw/
2026-01-06T15:55:31,60,80,161,2026-01-06 15:55,https://rent.pe.ntu.edu.tw/
2026-01-06T16:33:47,68,80,161,2026-01-06 16:33,https://rent.pe.ntu.edu.tw/
2026-01-06T17:02:08,80,80,161,2026-01-06 17:02,https://rent.pe.ntu.edu.tw/
2026-01-06T17:42:39,81,80,161,2026-01-06 17:42,https://rent.pe.ntu.edu.tw/
2026-01-06T17:57:30,85,80,161,2026-01-06 17:57,https://rent.pe.ntu.edu.tw/
2026-01-06T18:28:46,88,80,161,2026-01-06 18:28,https://rent.pe.ntu.edu.tw/
2026-01-06T18:52:31,75,80,161,2026-01-06 18:52,https://rent.pe.ntu.edu.tw/
2026-01-06T19:21:15,47,80,161,2026-01-06 19:21,https://rent.pe.ntu.edu.tw/
2026-01-06T19:43:01,58,80,161,2026-01-06 19:43,https://rent.pe.ntu.edu.tw/
2026-01-06T19:54:16,60,80,161,2026-01-06 19:54,https://rent.pe.ntu.edu.tw/
2026-01-06T20:47:40,49,80,161,2026-01-06 20:47,https://rent.pe.ntu.edu.tw/
2026-01-06T21:39:17,34,80,161,2026-01-06 21:39,https://rent.pe.ntu.edu.tw/
2026-01-06T22:00:03,14,80,161,2026-01-06 22:00,https://rent.pe.ntu.edu.tw/
2026-01-07T06:23:43,7,80,161,2026-01-07 06:23,https://rent.pe.ntu.edu.tw/
2026-01-07T06:48:05,7,80,161,2026-01-07 06:48,https://rent.pe.ntu.edu.tw/
2026-01-07T07:22:38,10,80,161,2026-01-07 07:22,https://rent.pe.ntu.edu.tw/
2026-01-07T07:42:53,13,80,161,2026-01-07 07:42,https://rent.pe.ntu.edu.tw/
2026-01-07T07:53:07,10,80,161,2026-01-07 07:53,https://rent.pe.ntu.edu.tw/
2026-01-07T09:48:10,25,80,161,2026-01-07 09:48,https://rent.pe.ntu.edu.tw/
2026-01-07T11:40:47,50,80,161,2026-01-07 11:40,https://rent.pe.ntu.edu.tw/
2026-01-07T12:29:27,53,80,161,2026-01-07 12:29,https://rent.pe.ntu.edu.tw/
2026-01-07T13:01:39,45,80,161,2026-01-07 13:01,https://rent.pe.ntu.edu.tw/
2026-01-07T13:36:27,35,80,161,2026-01-07 13:36,https://rent.pe.ntu.edu.tw/
2026-01-07T13:56:39,39,80,161,2026-01-07 13:56,https://rent.pe.ntu.edu.tw/
2026-01-07T14:36:51,43,80,161,2026-01-07 14:36,https://rent.pe.ntu.edu.tw/
2026-01-07T15:03:49,44,80,161,2026-01-07 15:03,https://rent.pe.ntu.edu.tw/
2026-01-07T15:38:36,56,80,161,2026-01-07 15:38,https://rent.pe.ntu.edu.tw/
2026-01-07T15:55:21,57,80,161,2026-01-07 15:55,https://rent.pe.ntu.edu.tw/
2026-01-07T16:33:15,67,80,161,2026-01-07 16:33,https://rent.pe.ntu.edu.tw/
2026-01-07T17:03:25,73,80,161,2026-01-07 17:03,https://rent.pe.ntu.edu.tw/
2026-01-07T17:43:31,79,80,161,2026-01-07 17:43,https://rent.pe.ntu.edu.tw/
2026-01-07T17:58:26,74,80,161,2026-01-07 17:58,https://rent.pe.ntu.edu.tw/
2026-01-07T18:32:26,65,80,161,2026-01-07 18:32,https://rent.pe.ntu.edu.tw/
2026-01-07T18:57:54,58,80,161,2026-01-07 18:57,https://rent.pe.ntu.edu.tw/
2026-01-07T19:25:43,56,80,161,2026-01-07 19:25,https://rent.pe.ntu.edu.tw/
2026-01-07T19:43:28,59,80,161,2026-01-07 19:43,https://rent.pe.ntu.edu.tw/
2026-01-07T19:54:34,62,80,161,2026-01-07 19:54,https://rent.pe.ntu.edu.tw/
2026-01-07T20:48:48,60,80,161,2026-01-07 20:48,https://rent.pe.ntu.edu.tw/
2026-01-07T21:41:28,37,80,161,2026-01-07 21:41,https://rent.pe.ntu.edu.tw/
2026-01-07T22:01:48,16,80,161,2026-01-07 22:01,https://rent.pe.ntu.edu.tw/
2026-01-08T06:22:58,5,80,161,2026-01-08 06:22,https://rent.pe.ntu.edu.tw/
2026-01-08T06:47:14,5,80,161,2026-01-08 06:47,https://rent.pe.ntu.edu.tw/
2026-01-08T07:22:31,5,80,161,2026-01-08 07:22,https://rent.pe.ntu.edu.tw/
2026-01-08T07:43:39,6,80,161,2026-01-08 07:43,https://rent.pe.ntu.edu.tw/
2026-01-08T07:54:39,7,80,161,2026-01-08 07:54,https://rent.pe.ntu.edu.tw/
2026-01-08T09:48:40,29,80,161,2026-01-08 09:48,https://rent.pe.ntu.edu.tw/
2026-01-08T11:41:09,47,80,161,2026-01-08 11:41,https://rent.pe.ntu.edu.tw/
2026-01-08T12:28:18,45,80,161,2026-01-08 12:28,https://rent.pe.ntu.edu.tw/
2026-01-08T12:59:29,37,80,161,2026-01-08 12:59,https://rent.pe.ntu.edu.tw/
2026-01-08T13:35:06,37,80,161,2026-01-08 13:35,https://rent.pe.ntu.edu.tw/
2026-01-08T13:57:02,40,80,161,2026-01-08 13:57,https://rent.pe.ntu.edu.tw/
2026-01-08T14:38:06,NA,NA,NA,NA,https://rent.pe.ntu.edu.tw/
2026-01-08T15:03:21,58,80,161,2026-01-08 15:03,https://rent.pe.ntu.edu.tw/
2026-01-08T15:37:31,57,80,161,2026-01-08 15:37,https://rent.pe.ntu.edu.tw/
2026-01-08T15:54:24,52,80,161,2026-01-08 15:54,https://rent.pe.ntu.edu.tw/
2026-01-08T16:33:02,50,80,161,2026-01-08 16:33,https://rent.pe.ntu.edu.tw/
2026-01-08T17:03:29,50,80,161,2026-01-08 17:03,https://rent.pe.ntu.edu.tw/
2026-01-08T17:44:25,50,80,161,2026-01-08 17:44,https://rent.pe.ntu.edu.tw/
2026-01-08T17:59:47,49,80,161,2026-01-08 17:59,https://rent.pe.ntu.edu.tw/
2026-01-08T18:35:50,46,80,161,2026-01-08 18:35,https://rent.pe.ntu.edu.tw/
2026-01-08T18:58:21,NA,NA,NA,NA,https://rent.pe.ntu.edu.tw/
2026-01-08T19:27:22,65,80,161,2026-01-08 19:27,https://rent.pe.ntu.edu.tw/
2026-01-08T19:44:59,76,80,161,2026-01-08 19:44,https://rent.pe.ntu.edu.tw/
2026-01-08T19:56:27,71,80,161,2026-01-08 19:56,https://rent.pe.ntu.edu.tw/
2026-01-08T20:48:49,87,80,161,2026-01-08 20:48,https://rent.pe.ntu.edu.tw/
2026-01-08T21:42:31,46,80,161,2026-01-08 21:42,https://rent.pe.ntu.edu.tw/
2026-01-08T22:02:44,13,80,161,2026-01-08 22:02,https://rent.pe.ntu.edu.tw/
2026-01-09T06:23:24,1,80,161,2026-01-09 06:23,https://rent.pe.ntu.edu.tw/
2026-01-09T06:48:08,4,80,161,2026-01-09 06:48,https://rent.pe.ntu.edu.tw/
2026-01-09T07:20:00,7,80,161,2026-01-09 07:20,https://rent.pe.ntu.edu.tw/
2026-01-09T07:41:49,19,80,161,2026-01-09 07:41,https://rent.pe.ntu.edu.tw/
2026-01-09T07:52:46,19,80,161,2026-01-09 07:52,https://rent.pe.ntu.edu.tw/
2026-01-09T09:49:04,18,80,161,2026-01-09 09:49,https://rent.pe.ntu.edu.tw/
2026-01-09T11:41:33,36,80,161,2026-01-09 11:41,https://rent.pe.ntu.edu.tw/
2026-01-09T12:28:50,44,80,161,2026-01-09 12:28,https://rent.pe.ntu.edu.tw/
2026-01-09T13:00:20,30,80,161,2026-01-09 13:00,https://rent.pe.ntu.edu.tw/
2026-01-09T13:36:33,35,80,161,2026-01-09 13:36,https://rent.pe.ntu.edu.tw/
2026-01-09T13:56:54,38,80,161,2026-01-09 13:56,https://rent.pe.ntu.edu.tw/
2026-01-09T14:38:02,51,80,161,2026-01-09 14:38,https://rent.pe.ntu.edu.tw/
2026-01-09T15:04:21,57,80,161,2026-01-09 15:04,https://rent.pe.ntu.edu.tw/
2026-01-09T15:38:58,56,80,161,2026-01-09 15:38,https://rent.pe.ntu.edu.tw/
2026-01-09T15:55:00,59,80,161,2026-01-09 15:55,https://rent.pe.ntu.edu.tw/
2026-01-09T16:33:38,80,80,161,2026-01-09 16:33,https://rent.pe.ntu.edu.tw/
2026-01-09T17:02:54,87,80,161,2026-01-09 17:02,https://rent.pe.ntu.edu.tw/
2026-01-09T17:44:14,82,80,161,2026-01-09 17:44,https://rent.pe.ntu.edu.tw/
2026-01-09T17:59:31,83,80,161,2026-01-09 17:59,https://rent.pe.ntu.edu.tw/
2026-01-09T18:34:37,67,80,161,2026-01-09 18:34,https://rent.pe.ntu.edu.tw/
2026-01-09T18:58:33,60,80,161,2026-01-09 18:58,https://rent.pe.ntu.edu.tw/
2026-01-09T19:26:12,50,80,161,2026-01-09 19:26,https://rent.pe.ntu.edu.tw/
2026-01-09T19:43:47,44,80,161,2026-01-09 19:43,https://rent.pe.ntu.edu.tw/
2026-01-09T19:54:31,49,80,161,2026-01-09 19:54,https://rent.pe.ntu.edu.tw/
2026-01-09T20:48:01,65,80,161,2026-01-09 20:48,https://rent.pe.ntu.edu.tw/
2026-01-09T21:39:26,41,80,161,2026-01-09 21:39,https://rent.pe.ntu.edu.tw/
2026-01-09T22:00:32,18,80,161,2026-01-09 22:00,https://rent.pe.ntu.edu.tw/
2026-01-10T06:22:53,0,80,161,2026-01-10 06:22,https://rent.pe.ntu.edu.tw/
2026-01-10T06:47:08,0,80,161,2026-01-10 06:47,https://rent.pe.ntu.edu.tw/
2026-01-10T07:21:48,0,80,161,2026-01-10 07:21,https://rent.pe.ntu.edu.tw/
2026-01-10T07:43:21,0,80,161,2026-01-10 07:43,https://rent.pe.ntu.edu.tw/
2026-01-10T07:53:55,0,80,161,2026-01-10 07:53,https://rent.pe.ntu.edu.tw/
2026-01-10T09:45:59,15,80,161,2026-01-10 09:45,https://rent.pe.ntu.edu.tw/
2026-01-10T11:16:21,33,80,161,2026-01-10 11:16,https://rent.pe.ntu.edu.tw/
2026-01-10T12:07:15,37,80,161,2026-01-10 12:07,https://rent.pe.ntu.edu.tw/
2026-01-10T12:48:43,34,80,161,2026-01-10 12:48,https://rent.pe.ntu.edu.tw/
2026-01-10T13:23:35,36,80,161,2026-01-10 13:23,https://rent.pe.ntu.edu.tw/
2026-01-10T13:46:15,39,80,161,2026-01-10 13:46,https://rent.pe.ntu.edu.tw/
2026-01-10T13:56:52,34,80,161,2026-01-10 13:56,https://rent.pe.ntu.edu.tw/
2026-01-10T14:34:00,42,80,161,2026-01-10 14:34,https://rent.pe.ntu.edu.tw/
2026-01-10T14:59:00,39,80,161,2026-01-10 14:58,https://rent.pe.ntu.edu.tw/
2026-01-10T15:26:45,32,80,161,2026-01-10 15:26,https://rent.pe.ntu.edu.tw/
2026-01-10T15:41:14,33,80,161,2026-01-10 15:41,https://rent.pe.ntu.edu.tw/
2026-01-10T15:51:45,37,80,161,2026-01-10 15:51,https://rent.pe.ntu.edu.tw/
2026-01-10T16:28:49,40,80,161,2026-01-10 16:28,https://rent.pe.ntu.edu.tw/
2026-01-10T16:52:00,38,80,161,2026-01-10 16:52,https://rent.pe.ntu.edu.tw/
2026-01-10T17:22:35,51,80,161,2026-01-10 17:22,https://rent.pe.ntu.edu.tw/
2026-01-10T17:43:00,48,80,161,2026-01-10 17:43,https://rent.pe.ntu.edu.tw/
2026-01-10T17:53:45,54,80,161,2026-01-10 17:53,https://rent.pe.ntu.edu.tw/
2026-01-10T18:22:26,48,80,161,2026-01-10 18:22,https://rent.pe.ntu.edu.tw/
2026-01-10T18:45:37,48,80,161,2026-01-10 18:45,https://rent.pe.ntu.edu.tw/
2026-01-10T18:56:27,49,80,161,2026-01-10 18:56,https://rent.pe.ntu.edu.tw/
2026-01-10T19:18:45,38,80,161,2026-01-10 19:18,https://rent.pe.ntu.edu.tw/
2026-01-10T19:39:56,34,80,161,2026-01-10 19:39,https://rent.pe.ntu.edu.tw/
2026-01-10T19:52:25,24,80,161,2026-01-10 19:52,https://rent.pe.ntu.edu.tw/
2026-01-10T20:42:15,31,80,161,2026-01-10 20:42,https://rent.pe.ntu.edu.tw/
2026-01-10T21:20:33,21,80,161,2026-01-10 21:20,https://rent.pe.ntu.edu.tw/
2026-01-10T21:47:38,11,80,161,2026-01-10 21:47,https://rent.pe.ntu.edu.tw/
2026-01-11T06:21:53,0,80,161,2026-01-11 06:21,https://rent.pe.ntu.edu.tw/
2026-01-11T06:45:04,0,80,161,2026-01-11 06:45,https://rent.pe.ntu.edu.tw/
2026-01-11T06:56:09,0,80,161,2026-01-11 06:56,https://rent.pe.ntu.edu.tw/
2026-01-11T07:21:43,0,80,161,2026-01-11 07:21,https://rent.pe.ntu.edu.tw/
2026-01-11T07:42:16,0,80,161,2026-01-11 07:42,https://rent.pe.ntu.edu.tw/
2026-01-11T07:52:56,1,80,161,2026-01-11 07:52,https://rent.pe.ntu.edu.tw/
2026-01-11T09:57:50,18,80,161,2026-01-11 09:57,https://rent.pe.ntu.edu.tw/
2026-01-11T11:54:13,43,80,161,2026-01-11 11:54,https://rent.pe.ntu.edu.tw/
2026-01-11T12:49:55,29,80,161,2026-01-11 12:49,https://rent.pe.ntu.edu.tw/
2026-01-11T13:27:15,21,80,161,2026-01-11 13:27,https://rent.pe.ntu.edu.tw/
2026-01-11T13:49:37,23,80,161,2026-01-11 13:49,https://rent.pe.ntu.edu.tw/
2026-01-11T14:34:30,31,80,161,2026-01-11 14:34,https://rent.pe.ntu.edu.tw/
2026-01-11T15:01:22,35,80,161,2026-01-11 15:01,https://rent.pe.ntu.edu.tw/
2026-01-11T15:30:43,52,80,161,2026-01-11 15:30,https://rent.pe.ntu.edu.tw/
2026-01-11T15:45:22,52,80,161,2026-01-11 15:45,https://rent.pe.ntu.edu.tw/
2026-01-11T15:56:04,54,80,161,2026-01-11 15:56,https://rent.pe.ntu.edu.tw/
2026-01-11T16:29:23,72,80,161,2026-01-11 16:29,https://rent.pe.ntu.edu.tw/
2026-01-11T16:52:21,80,80,161,2026-01-11 16:52,https://rent.pe.ntu.edu.tw/
2026-01-11T17:22:42,63,80,161,2026-01-11 17:22,https://rent.pe.ntu.edu.tw/
2026-01-11T17:44:00,38,80,161,2026-01-11 17:44,https://rent.pe.ntu.edu.tw/
2026-01-11T17:54:20,26,80,161,2026-01-11 17:54,https://rent.pe.ntu.edu.tw/
2026-01-11T18:23:22,0,80,161,2026-01-11 18:23,https://rent.pe.ntu.edu.tw/
2026-01-11T18:46:47,0,80,161,2026-01-11 18:46,https://rent.pe.ntu.edu.tw/
2026-01-11T19:19:38,0,80,161,2026-01-11 19:19,https://rent.pe.ntu.edu.tw/
2026-01-11T19:40:28,0,80,161,2026-01-11 19:40,https://rent.pe.ntu.edu.tw/
2026-01-11T19:52:33,0,80,161,2026-01-11 19:52,https://rent.pe.ntu.edu.tw/
2026-01-11T20:43:21,0,80,161,2026-01-11 20:43,https://rent.pe.ntu.edu.tw/
2026-01-11T21:21:46,0,80,161,2026-01-11 21:21,https://rent.pe.ntu.edu.tw/
2026-01-11T21:48:37,0,80,161,2026-01-11 21:48,https://rent.pe.ntu.edu.tw/
2026-01-12T06:45:10,5,80,161,2026-01-12 06:45,https://rent.pe.ntu.edu.tw/
2026-01-12T06:55:48,6,80,161,2026-01-12 06:55,https://rent.pe.ntu.edu.tw/
2026-01-12T07:21:19,4,80,161,2026-01-12 07:21,https://rent.pe.ntu.edu.tw/
2026-01-12T07:42:22,6,80,161,2026-01-12 07:42,https://rent.pe.ntu.edu.tw/
2026-01-12T07:53:23,8,80,161,2026-01-12 07:53,https://rent.pe.ntu.edu.tw/
2026-01-12T09:53:47,31,80,161,2026-01-12 09:53,https://rent.pe.ntu.edu.tw/
2026-01-12T11:51:32,61,80,161,2026-01-12 11:51,https://rent.pe.ntu.edu.tw/
2026-01-12T12:52:49,32,80,161,2026-01-12 12:52,https://rent.pe.ntu.edu.tw/
2026-01-12T13:31:43,25,80,161,2026-01-12 13:31,https://rent.pe.ntu.edu.tw/
2026-01-12T13:56:40,28,80,161,2026-01-12 13:56,https://rent.pe.ntu.edu.tw/
2026-01-12T14:39:15,43,80,161,2026-01-12 14:39,https://rent.pe.ntu.edu.tw/
2026-01-12T15:06:27,52,80,161,2026-01-12 15:06,https://rent.pe.ntu.edu.tw/
2026-01-12T15:42:40,63,80,161,2026-01-12 15:42,https://rent.pe.ntu.edu.tw/
2026-01-12T15:56:34,62,80,161,2026-01-12 15:56,https://rent.pe.ntu.edu.tw/
2026-01-12T16:35:24,74,80,161,2026-01-12 16:35,https://rent.pe.ntu.edu.tw/
2026-01-12T17:04:35,77,80,161,2026-01-12 17:04,https://rent.pe.ntu.edu.tw/
2026-01-12T17:48:29,87,80,161,2026-01-12 17:48,https://rent.pe.ntu.edu.tw/
2026-01-12T18:28:04,82,80,161,2026-01-12 18:28,https://rent.pe.ntu.edu.tw/
2026-01-12T18:52:58,74,80,161,2026-01-12 18:52,https://rent.pe.ntu.edu.tw/
2026-01-12T19:22:33,79,80,161,2026-01-12 19:22,https://rent.pe.ntu.edu.tw/
2026-01-12T19:43:37,73,80,161,2026-01-12 19:43,https://rent.pe.ntu.edu.tw/
2026-01-12T19:54:55,75,80,161,2026-01-12 19:54,https://rent.pe.ntu.edu.tw/
2026-01-12T20:51:32,85,80,161,2026-01-12 20:51,https://rent.pe.ntu.edu.tw/
2026-01-12T21:44:06,50,80,161,2026-01-12 21:44,https://rent.pe.ntu.edu.tw/
2026-01-12T22:04:22,0,80,161,2026-01-12 22:04,https://rent.pe.ntu.edu.tw/
2026-01-13T06:21:10,3,80,161,2026-01-13 06:21,https://rent.pe.ntu.edu.tw/
2026-01-13T06:45:07,6,80,161,2026-01-13 06:45,https://rent.pe.ntu.edu.tw/
2026-01-13T06:55:33,6,80,161,2026-01-13 06:55,https://rent.pe.ntu.edu.tw/
2026-01-13T07:19:02,11,80,161,2026-01-13 07:19,https://rent.pe.ntu.edu.tw/
2026-01-13T07:41:03,23,80,161,2026-01-13 07:41,https://rent.pe.ntu.edu.tw/
2026-01-13T07:52:25,25,80,161,2026-01-13 07:52,https://rent.pe.ntu.edu.tw/
2026-01-13T09:45:52,24,80,161,2026-01-13 09:45,https://rent.pe.ntu.edu.tw/
2026-01-13T11:20:54,51,80,161,2026-01-13 11:20,https://rent.pe.ntu.edu.tw/
2026-01-13T12:26:08,53,80,161,2026-01-13 12:26,https://rent.pe.ntu.edu.tw/
2026-01-13T12:59:36,42,80,161,2026-01-13 12:59,https://rent.pe.ntu.edu.tw/
2026-01-13T13:35:04,32,80,161,2026-01-13 13:35,https://rent.pe.ntu.edu.tw/
2026-01-13T13:56:20,39,80,161,2026-01-13 13:56,https://rent.pe.ntu.edu.tw/
2026-01-13T14:36:59,50,80,161,2026-01-13 14:36,https://rent.pe.ntu.edu.tw/
2026-01-13T15:04:14,53,80,161,2026-01-13 15:04,https://rent.pe.ntu.edu.tw/
2026-01-13T15:37:47,50,80,161,2026-01-13 15:37,https://rent.pe.ntu.edu.tw/
2026-01-13T15:54:19,56,80,161,2026-01-13 15:54,https://rent.pe.ntu.edu.tw/
2026-01-13T16:33:32,74,80,161,2026-01-13 16:33,https://rent.pe.ntu.edu.tw/
2026-01-13T17:03:41,66,80,161,2026-01-13 17:03,https://rent.pe.ntu.edu.tw/
2026-01-13T17:43:35,82,80,161,2026-01-13 17:43,https://rent.pe.ntu.edu.tw/
2026-01-13T17:59:12,81,80,161,2026-01-13 17:59,https://rent.pe.ntu.edu.tw/
2026-01-13T18:34:03,81,80,161,2026-01-13 18:34,https://rent.pe.ntu.edu.tw/
2026-01-13T18:58:34,60,80,161,2026-01-13 18:58,https://rent.pe.ntu.edu.tw/
2026-01-13T19:28:00,51,80,161,2026-01-13 19:27,https://rent.pe.ntu.edu.tw/
2026-01-13T19:45:16,57,80,161,2026-01-13 19:45,https://rent.pe.ntu.edu.tw/
2026-01-13T19:56:26,53,80,161,2026-01-13 19:56,https://rent.pe.ntu.edu.tw/
2026-01-13T20:51:22,67,80,161,2026-01-13 20:51,https://rent.pe.ntu.edu.tw/
2026-01-13T21:42:59,39,80,161,2026-01-13 21:42,https://rent.pe.ntu.edu.tw/
2026-01-13T22:03:30,3,80,161,2026-01-13 22:03,https://rent.pe.ntu.edu.tw/
2026-01-14T06:24:11,4,80,161,2026-01-14 06:24,https://rent.pe.ntu.edu.tw/
2026-01-14T06:48:45,3,80,161,2026-01-14 06:48,https://rent.pe.ntu.edu.tw/
2026-01-14T07:21:54,3,80,161,2026-01-14 07:21,https://rent.pe.ntu.edu.tw/
2026-01-14T07:41:59,8,80,161,2026-01-14 07:41,https://rent.pe.ntu.edu.tw/
2026-01-14T07:53:24,7,80,161,2026-01-14 07:53,https://rent.pe.ntu.edu.tw/
2026-01-14T09:52:43,32,80,161,2026-01-14 09:52,https://rent.pe.ntu.edu.tw/
2026-01-14T11:49:47,46,80,161,2026-01-14 11:49,https://rent.pe.ntu.edu.tw/
2026-01-14T12:48:59,45,80,161,2026-01-14 12:48,https://rent.pe.ntu.edu.tw/
2026-01-14T13:26:43,29,80,161,2026-01-14 13:26,https://rent.pe.ntu.edu.tw/
2026-01-14T13:50:41,32,80,161,2026-01-14 13:50,https://rent.pe.ntu.edu.tw/
2026-01-14T14:36:56,29,80,161,2026-01-14 14:36,https://rent.pe.ntu.edu.tw/
2026-01-14T15:03:39,39,80,161,2026-01-14 15:03,https://rent.pe.ntu.edu.tw/
2026-01-14T15:39:25,48,80,161,2026-01-14 15:39,https://rent.pe.ntu.edu.tw/
2026-01-14T15:54:32,49,80,161,2026-01-14 15:54,https://rent.pe.ntu.edu.tw/
2026-01-14T16:33:16,62,80,161,2026-01-14 16:33,https://rent.pe.ntu.edu.tw/
2026-01-14T17:03:41,61,80,161,2026-01-14 17:03,https://rent.pe.ntu.edu.tw/
2026-01-14T17:44:39,83,80,161,2026-01-14 17:44,https://rent.pe.ntu.edu.tw/
2026-01-14T18:00:06,90,80,161,2026-01-14 18:00,https://rent.pe.ntu.edu.tw/
2026-01-14T18:37:02,76,80,161,2026-01-14 18:37,https://rent.pe.ntu.edu.tw/
2026-01-14T18:59:38,70,80,161,2026-01-14 18:59,https://rent.pe.ntu.edu.tw/
2026-01-14T19:30:49,57,80,161,2026-01-14 19:30,https://rent.pe.ntu.edu.tw/
2026-01-14T19:47:51,51,80,161,2026-01-14 19:47,https://rent.pe.ntu.edu.tw/
2026-01-14T20:49:47,55,80,161,2026-01-14 20:49,https://rent.pe.ntu.edu.tw/
2026-01-14T21:42:18,25,80,161,2026-01-14 21:42,https://rent.pe.ntu.edu.tw/
2026-01-14T22:03:07,1,80,161,2026-01-14 22:03,https://rent.pe.ntu.edu.tw/
2026-01-15T06:24:25,3,80,161,2026-01-15 06:24,https://rent.pe.ntu.edu.tw/
2026-01-15T06:49:28,2,80,161,2026-01-15 06:49,https://rent.pe.ntu.edu.tw/
2026-01-15T07:20:07,2,80,161,2026-01-15 07:20,https://rent.pe.ntu.edu.tw/
2026-01-15T07:41:26,7,80,161,2026-01-15 07:41,https://rent.pe.ntu.edu.tw/
2026-01-15T07:51:55,3,80,161,2026-01-15 07:51,https://rent.pe.ntu.edu.tw/
2026-01-15T09:48:30,22,80,161,2026-01-15 09:48,https://rent.pe.ntu.edu.tw/
2026-01-15T11:43:10,63,80,161,2026-01-15 11:43,https://rent.pe.ntu.edu.tw/
2026-01-15T12:30:53,42,80,161,2026-01-15 12:30,https://rent.pe.ntu.edu.tw/
2026-01-15T13:02:11,42,80,161,2026-01-15 13:02,https://rent.pe.ntu.edu.tw/
2026-01-15T13:43:53,28,80,161,2026-01-15 13:43,https://rent.pe.ntu.edu.tw/
2026-01-15T13:58:10,27,80,161,2026-01-15 13:58,https://rent.pe.ntu.edu.tw/
2026-01-15T14:42:22,37,80,161,2026-01-15 14:42,https://rent.pe.ntu.edu.tw/
2026-01-15T15:03:47,38,80,161,2026-01-15 15:03,https://rent.pe.ntu.edu.tw/
2026-01-15T15:38:15,47,80,161,2026-01-15 15:38,https://rent.pe.ntu.edu.tw/
2026-01-15T15:55:38,52,80,161,2026-01-15 15:55,https://rent.pe.ntu.edu.tw/
2026-01-15T16:33:50,64,80,161,2026-01-15 16:33,https://rent.pe.ntu.edu.tw/
2026-01-15T17:02:38,57,80,161,2026-01-15 17:02,https://rent.pe.ntu.edu.tw/
2026-01-15T17:43:40,60,80,161,2026-01-15 17:43,https://rent.pe.ntu.edu.tw/
2026-01-15T17:58:34,47,80,161,2026-01-15 17:58,https://rent.pe.ntu.edu.tw/
2026-01-15T18:32:32,58,80,161,2026-01-15 18:32,https://rent.pe.ntu.edu.tw/
2026-01-15T18:58:21,69,80,161,2026-01-15 18:58,https://rent.pe.ntu.edu.tw/
2026-01-15T19:27:37,50,80,161,2026-01-15 19:27,https://rent.pe.ntu.edu.tw/
2026-01-15T19:44:47,50,80,161,2026-01-15 19:44,https://rent.pe.ntu.edu.tw/
2026-01-15T19:55:57,54,80,161,2026-01-15 19:55,https://rent.pe.ntu.edu.tw/
2026-01-15T20:49:02,74,80,161,2026-01-15 20:49,https://rent.pe.ntu.edu.tw/
2026-01-15T21:41:30,30,80,161,2026-01-15 21:41,https://rent.pe.ntu.edu.tw/
2026-01-15T22:02:33,5,80,161,2026-01-15 22:02,https://rent.pe.ntu.edu.tw/
2026-01-16T06:24:16,2,80,161,2026-01-16 06:24,https://rent.pe.ntu.edu.tw/
2026-01-16T06:48:02,2,80,161,2026-01-16 06:48,https://rent.pe.ntu.edu.tw/
2026-01-16T07:23:20,8,80,161,2026-01-16 07:23,https://rent.pe.ntu.edu.tw/
2026-01-16T07:43:55,19,80,161,2026-01-16 07:43,https://rent.pe.ntu.edu.tw/
2026-01-16T07:54:47,22,80,161,2026-01-16 07:54,https://rent.pe.ntu.edu.tw/
2026-01-16T09:49:53,14,80,161,2026-01-16 09:49,https://rent.pe.ntu.edu.tw/
2026-01-16T11:41:37,53,80,161,2026-01-16 11:41,https://rent.pe.ntu.edu.tw/
2026-01-16T12:28:23,34,80,161,2026-01-16 12:28,https://rent.pe.ntu.edu.tw/
2026-01-16T13:00:01,30,80,161,2026-01-16 13:00,https://rent.pe.ntu.edu.tw/
2026-01-16T13:36:11,26,80,161,2026-01-16 13:36,https://rent.pe.ntu.edu.tw/
2026-01-16T13:56:20,31,80,161,2026-01-16 13:56,https://rent.pe.ntu.edu.tw/
2026-01-16T14:36:58,27,80,161,2026-01-16 14:36,https://rent.pe.ntu.edu.tw/
2026-01-16T15:03:11,23,80,161,2026-01-16 15:03,https://rent.pe.ntu.edu.tw/
2026-01-16T15:37:49,34,80,161,2026-01-16 15:37,https://rent.pe.ntu.edu.tw/
2026-01-16T15:54:36,46,80,161,2026-01-16 15:54,https://rent.pe.ntu.edu.tw/
2026-01-16T16:32:38,60,80,161,2026-01-16 16:32,https://rent.pe.ntu.edu.tw/
2026-01-16T17:01:41,54,80,161,2026-01-16 17:01,https://rent.pe.ntu.edu.tw/
2026-01-16T17:37:30,67,80,161,2026-01-16 17:37,https://rent.pe.ntu.edu.tw/
2026-01-16T17:56:56,71,80,161,2026-01-16 17:56,https://rent.pe.ntu.edu.tw/
2026-01-16T18:28:09,78,80,161,2026-01-16 18:28,https://rent.pe.ntu.edu.tw/
2026-01-16T18:51:34,55,80,161,2026-01-16 18:51,https://rent.pe.ntu.edu.tw/
2026-01-16T19:21:43,45,80,161,2026-01-16 19:21,https://rent.pe.ntu.edu.tw/
2026-01-16T19:43:22,32,80,161,2026-01-16 19:43,https://rent.pe.ntu.edu.tw/
2026-01-16T19:54:18,33,80,161,2026-01-16 19:54,https://rent.pe.ntu.edu.tw/
2026-01-16T20:47:58,44,80,161,2026-01-16 20:47,https://rent.pe.ntu.edu.tw/
2026-01-16T21:39:35,24,80,161,2026-01-16 21:39,https://rent.pe.ntu.edu.tw/
2026-01-16T22:00:59,0,80,161,2026-01-16 22:00,https://rent.pe.ntu.edu.tw/
2026-01-17T06:22:57,0,80,161,2026-01-17 06:22,https://rent.pe.ntu.edu.tw/
2026-01-17T06:47:28,0,80,161,2026-01-17 06:47,https://rent.pe.ntu.edu.tw/
2026-01-17T07:22:15,0,80,161,2026-01-17 07:22,https://rent.pe.ntu.edu.tw/
2026-01-17T07:43:13,0,80,161,2026-01-17 07:43,https://rent.pe.ntu.edu.tw/
2026-01-17T07:53:55,0,80,161,2026-01-17 07:53,https://rent.pe.ntu.edu.tw/
2026-01-17T09:44:19,17,80,161,2026-01-17 09:44,https://rent.pe.ntu.edu.tw/
2026-01-17T11:14:48,29,80,161,2026-01-17 11:14,https://rent.pe.ntu.edu.tw/
2026-01-17T12:05:47,31,80,161,2026-01-17 12:05,https://rent.pe.ntu.edu.tw/
2026-01-17T12:46:17,26,80,161,2026-01-17 12:46,https://rent.pe.ntu.edu.tw/
2026-01-17T13:01:48,26,80,161,2026-01-17 13:01,https://rent.pe.ntu.edu.tw/
2026-01-17T13:36:36,24,80,161,2026-01-17 13:36,https://rent.pe.ntu.edu.tw/
2026-01-17T13:53:22,23,80,161,2026-01-17 13:53,https://rent.pe.ntu.edu.tw/
2026-01-17T14:33:06,38,80,161,2026-01-17 14:33,https://rent.pe.ntu.edu.tw/
2026-01-17T14:59:06,38,80,161,2026-01-17 14:59,https://rent.pe.ntu.edu.tw/
2026-01-17T15:27:11,43,80,161,2026-01-17 15:27,https://rent.pe.ntu.edu.tw/
2026-01-17T15:41:36,41,80,161,2026-01-17 15:41,https://rent.pe.ntu.edu.tw/
2026-01-17T15:52:18,40,80,161,2026-01-17 15:52,https://rent.pe.ntu.edu.tw/
2026-01-17T16:28:24,46,80,161,2026-01-17 16:28,https://rent.pe.ntu.edu.tw/
2026-01-17T16:51:18,50,80,161,2026-01-17 16:51,https://rent.pe.ntu.edu.tw/
2026-01-17T17:22:19,53,80,161,2026-01-17 17:22,https://rent.pe.ntu.edu.tw/
2026-01-17T17:42:43,59,80,161,2026-01-17 17:42,https://rent.pe.ntu.edu.tw/
2026-01-17T17:53:06,64,80,161,2026-01-17 17:53,https://rent.pe.ntu.edu.tw/
2026-01-17T18:22:19,48,80,161,2026-01-17 18:22,https://rent.pe.ntu.edu.tw/
2026-01-17T18:45:17,44,80,161,2026-01-17 18:45,https://rent.pe.ntu.edu.tw/
2026-01-17T18:55:55,46,80,161,2026-01-17 18:55,https://rent.pe.ntu.edu.tw/
2026-01-17T19:18:59,39,80,161,2026-01-17 19:18,https://rent.pe.ntu.edu.tw/
2026-01-17T19:40:10,41,80,161,2026-01-17 19:40,https://rent.pe.ntu.edu.tw/
2026-01-17T19:52:23,42,80,161,2026-01-17 19:52,https://rent.pe.ntu.edu.tw/
2026-01-17T20:42:16,45,80,161,2026-01-17 20:42,https://rent.pe.ntu.edu.tw/
2026-01-17T21:20:12,40,80,161,2026-01-17 21:20,https://rent.pe.ntu.edu.tw/
2026-01-18T06:21:38,0,80,161,2026-01-18 06:21,https://rent.pe.ntu.edu.tw/
2026-01-18T06:45:07,0,80,161,2026-01-18 06:45,https://rent.pe.ntu.edu.tw/
2026-01-18T06:55:58,0,80,161,2026-01-18 06:55,https://rent.pe.ntu.edu.tw/
2026-01-18T07:21:14,0,80,161,2026-01-18 07:21,https://rent.pe.ntu.edu.tw/
2026-01-18T07:42:27,0,80,161,2026-01-18 07:42,https://rent.pe.ntu.edu.tw/
2026-01-18T07:52:45,0,80,161,2026-01-18 07:52,https://rent.pe.ntu.edu.tw/
2026-01-18T09:56:20,23,80,161,2026-01-18 09:56,https://rent.pe.ntu.edu.tw/
2026-01-18T11:48:06,35,80,161,2026-01-18 11:48,https://rent.pe.ntu.edu.tw/
2026-01-18T12:43:23,31,80,161,2026-01-18 12:43,https://rent.pe.ntu.edu.tw/
2026-01-18T13:03:38,28,80,161,2026-01-18 13:03,https://rent.pe.ntu.edu.tw/
2026-01-18T13:40:17,26,80,161,2026-01-18 13:40,https://rent.pe.ntu.edu.tw/
2026-01-18T13:54:20,29,80,161,2026-01-18 13:54,https://rent.pe.ntu.edu.tw/
2026-01-18T14:33:52,35,80,161,2026-01-18 14:33,https://rent.pe.ntu.edu.tw/
2026-01-18T15:00:04,35,80,161,2026-01-18 15:00,https://rent.pe.ntu.edu.tw/
2026-01-18T15:28:58,46,80,161,2026-01-18 15:28,https://rent.pe.ntu.edu.tw/
2026-01-18T15:43:08,45,80,161,2026-01-18 15:43,https://rent.pe.ntu.edu.tw/
2026-01-18T15:54:07,49,80,161,2026-01-18 15:54,https://rent.pe.ntu.edu.tw/
2026-01-18T16:29:24,52,80,161,2026-01-18 16:29,https://rent.pe.ntu.edu.tw/
2026-01-18T16:51:54,66,80,161,2026-01-18 16:51,https://rent.pe.ntu.edu.tw/
2026-01-18T17:23:28,65,80,161,2026-01-18 17:23,https://rent.pe.ntu.edu.tw/
2026-01-18T17:43:56,48,80,161,2026-01-18 17:43,https://rent.pe.ntu.edu.tw/
2026-01-18T17:54:56,25,80,161,2026-01-18 17:54,https://rent.pe.ntu.edu.tw/
2026-01-18T18:23:09,0,80,161,2026-01-18 18:23,https://rent.pe.ntu.edu.tw/
2026-01-18T18:46:01,0,80,161,2026-01-18 18:46,https://rent.pe.ntu.edu.tw/
2026-01-18T18:56:34,0,80,161,2026-01-18 18:56,https://rent.pe.ntu.edu.tw/
2026-01-18T19:18:51,0,80,161,2026-01-18 19:18,https://rent.pe.ntu.edu.tw/
2026-01-18T19:39:55,0,80,161,2026-01-18 19:39,https://rent.pe.ntu.edu.tw/
2026-01-18T19:52:19,0,80,161,2026-01-18 19:52,https://rent.pe.ntu.edu.tw/
2026-01-18T21:19:56,0,80,161,2026-01-18 21:19,https://rent.pe.ntu.edu.tw/
2026-01-18T21:47:24,0,80,161,2026-01-18 21:47,https://rent.pe.ntu.edu.tw/
2026-01-19T06:21:55,6,80,161,2026-01-19 06:21,https://rent.pe.ntu.edu.tw/
2026-01-19T06:45:18,8,80,161,2026-01-19 06:45,https://rent.pe.ntu.edu.tw/
2026-01-19T06:56:24,9,80,161,2026-01-19 06:56,https://rent.pe.ntu.edu.tw/
2026-01-19T07:21:22,11,80,161,2026-01-19 07:21,https://rent.pe.ntu.edu.tw/
2026-01-19T07:42:46,12,80,161,2026-01-19 07:42,https://rent.pe.ntu.edu.tw/
2026-01-19T07:53:50,13,80,161,2026-01-19 07:53,https://rent.pe.ntu.edu.tw/
2026-01-19T09:54:24,40,80,161,2026-01-19 09:54,https://rent.pe.ntu.edu.tw/
2026-01-19T11:52:31,47,80,161,2026-01-19 11:52,https://rent.pe.ntu.edu.tw/
2026-01-19T12:54:33,37,80,161,2026-01-19 12:54,https://rent.pe.ntu.edu.tw/
2026-01-19T13:33:06,34,80,161,2026-01-19 13:33,https://rent.pe.ntu.edu.tw/
2026-01-19T14:01:01,35,80,161,2026-01-19 14:01,https://rent.pe.ntu.edu.tw/
2026-01-19T14:55:07,37,80,161,2026-01-19 14:55,https://rent.pe.ntu.edu.tw/
2026-01-19T15:30:47,43,80,161,2026-01-19 15:30,https://rent.pe.ntu.edu.tw/
2026-01-19T15:52:45,62,80,161,2026-01-19 15:52,https://rent.pe.ntu.edu.tw/
2026-01-19T16:35:48,72,80,161,2026-01-19 16:35,https://rent.pe.ntu.edu.tw/
2026-01-19T17:06:00,77,80,161,2026-01-19 17:06,https://rent.pe.ntu.edu.tw/
2026-01-19T17:51:15,80,80,161,2026-01-19 17:51,https://rent.pe.ntu.edu.tw/
2026-01-19T18:31:22,73,80,161,2026-01-19 18:31,https://rent.pe.ntu.edu.tw/
2026-01-19T18:57:55,56,80,161,2026-01-19 18:57,https://rent.pe.ntu.edu.tw/
2026-01-19T19:26:32,63,80,161,2026-01-19 19:26,https://rent.pe.ntu.edu.tw/
2026-01-19T19:45:28,61,80,161,2026-01-19 19:45,https://rent.pe.ntu.edu.tw/
2026-01-19T19:57:04,62,80,161,2026-01-19 19:57,https://rent.pe.ntu.edu.tw/
2026-01-19T20:55:58,62,80,161,2026-01-19 20:55,https://rent.pe.ntu.edu.tw/
2026-01-19T21:47:45,35,80,161,2026-01-19 21:47,https://rent.pe.ntu.edu.tw/
2026-01-20T06:23:45,2,80,161,2026-01-20 06:23,https://rent.pe.ntu.edu.tw/
2026-01-20T06:47:33,0,80,161,2026-01-20 06:47,https://rent.pe.ntu.edu.tw/
2026-01-20T07:22:33,3,80,161,2026-01-20 07:22,https://rent.pe.ntu.edu.tw/
2026-01-20T07:44:06,22,80,161,2026-01-20 07:44,https://rent.pe.ntu.edu.tw/
2026-01-20T07:55:40,24,80,161,2026-01-20 07:55,https://rent.pe.ntu.edu.tw/
2026-01-20T09:49:43,39,80,161,2026-01-20 09:49,https://rent.pe.ntu.edu.tw/
2026-01-20T11:45:46,56,80,161,2026-01-20 11:45,https://rent.pe.ntu.edu.tw/
2026-01-20T12:36:12,49,80,161,2026-01-20 12:36,https://rent.pe.ntu.edu.tw/
2026-01-20T13:18:04,40,80,161,2026-01-20 13:18,https://rent.pe.ntu.edu.tw/
2026-01-20T13:54:08,35,80,161,2026-01-20 13:54,https://rent.pe.ntu.edu.tw/
2026-01-20T14:38:55,43,80,161,2026-01-20 14:38,https://rent.pe.ntu.edu.tw/
2026-01-20T15:06:31,46,80,161,2026-01-20 15:06,https://rent.pe.ntu.edu.tw/
2026-01-20T15:43:56,57,80,161,2026-01-20 15:43,https://rent.pe.ntu.edu.tw/
2026-01-20T15:58:26,59,80,161,2026-01-20 15:58,https://rent.pe.ntu.edu.tw/
2026-01-20T16:41:12,75,80,161,2026-01-20 16:41,https://rent.pe.ntu.edu.tw/
2026-01-20T17:06:35,83,80,161,2026-01-20 17:06,https://rent.pe.ntu.edu.tw/
2026-01-20T17:48:51,83,80,161,2026-01-20 17:48,https://rent.pe.ntu.edu.tw/
